Fecha,Coca,Pepsi
03/01/2023,62.950001,179.410004
04/01/2023,62.919998,178.970001
05/01/2023,62.200001,177.100006
06/01/2023,63.400002,181.100006
09/01/2023,62.610001,179.330002
10/01/2023,62.130001,177.850006
11/01/2023,62.009998,178.050003
12/01/2023,61.209999,175.779999
13/01/2023,61.43,175.240005
17/01/2023,61.68,176.059998
18/01/2023,59.810001,171.619995
19/01/2023,59.720001,169.630005
20/01/2023,60.080002,169.880005
23/01/2023,60.23,169.119995
24/01/2023,60.549999,170.690002
25/01/2023,60.93,171.929993
26/01/2023,60.810001,170.220001
27/01/2023,60.490002,169.619995
30/01/2023,60.639999,169.479996
31/01/2023,61.32,171.020004
01/02/2023,61.330002,171.559998
02/02/2023,60.279999,169.970001
03/02/2023,59.830002,169.119995
06/02/2023,60.169998,171.820007
07/02/2023,60.07,171.559998
08/02/2023,59.720001,171.160004
09/02/2023,59.619999,172.779999
10/02/2023,59.619999,176.199997
13/02/2023,60.599998,177.770004
14/02/2023,59.59,175.770004
15/02/2023,59.59,176.009995
16/02/2023,59.220001,175.509995
17/02/2023,60.119999,176.279999
21/02/2023,59.799999,176.179993
22/02/2023,59.98,176.119995
23/02/2023,60.09,176.309998
24/02/2023,59.84,175.960007
27/02/2023,59.82,175.910004
28/02/2023,59.509998,173.529999
01/03/2023,58.860001,171.330002
02/03/2023,59.720001,173.320007
03/03/2023,59.439999,173.149994
06/03/2023,60.360001,173.5
07/03/2023,60.009998,172.639999
08/03/2023,60.040001,173.110001
09/03/2023,59.459999,171.800003
10/03/2023,59.209999,172.029999
13/03/2023,59.810001,173.710007
14/03/2023,60.029999,173.529999
15/03/2023,60.43,176.630005
16/03/2023,60.299999,176.509995
17/03/2023,60.02,175.130005
20/03/2023,60.599998,177.589996
21/03/2023,60.32,178.009995
22/03/2023,60.049999,176.509995
23/03/2023,59.919998,175.649994
24/03/2023,60.900002,179.089996
27/03/2023,61.349998,179.490005
28/03/2023,61.419998,179.429993
29/03/2023,61.860001,180.669998
30/03/2023,61.849998,180.830002
31/03/2023,62.029999,182.300003
03/04/2023,62.400002,182.5
04/04/2023,62.209999,181.850006
05/04/2023,62.799999,183.639999
06/04/2023,62.84,184.360001
10/04/2023,62.689999,183.199997
11/04/2023,62.580002,182.919998
12/04/2023,62.689999,182.559998
13/04/2023,63.150002,184.380005
14/04/2023,63.049999,183.509995
17/04/2023,63.459999,184.449997
18/04/2023,63.560001,184.830002
19/04/2023,63.68,184.720001
20/04/2023,63.959999,185.330002
21/04/2023,64.050003,185.410004
24/04/2023,63.950001,185.5
25/04/2023,63.849998,189.710007
26/04/2023,63.549999,188.539993
27/04/2023,63.68,189.690002
28/04/2023,64.150002,190.889999
01/05/2023,64.300003,191.679993
02/05/2023,64.010002,192.25
03/05/2023,63.650002,192.179993
04/05/2023,63.720001,193.380005
05/05/2023,64.019997,194.270004
08/05/2023,63.919998,193.350006
09/05/2023,63.389999,194.139999
10/05/2023,63.5,194.270004
11/05/2023,63.860001,195.339996
12/05/2023,64.110001,196.119995
15/05/2023,63.939999,194.270004
16/05/2023,63.220001,193.429993
17/05/2023,63.150002,192.059998
18/05/2023,62.799999,191.559998
19/05/2023,62.830002,191.839996
22/05/2023,61.509998,186.639999
23/05/2023,61.400002,186.070007
24/05/2023,60.880001,184.889999
25/05/2023,60.41,183.800003
26/05/2023,60.259998,183.580002
30/05/2023,59.779999,181.610001
31/05/2023,59.66,182.350006
01/06/2023,60,182.190002
02/06/2023,61.16,184.059998
05/06/2023,60.75,184.190002
06/06/2023,60.310001,181.559998
07/06/2023,60.220001,180.110001
08/06/2023,60.369999,182.100006
09/06/2023,60.470001,182.350006
12/06/2023,60.209999,181.899994
13/06/2023,60.450001,181.539993
14/06/2023,60.860001,183.169998
15/06/2023,61.23,185.710007
16/06/2023,61.669998,186.039993
20/06/2023,61.259998,185.309998
21/06/2023,61.43,185.429993
22/06/2023,61.849998,187.350006
23/06/2023,61.200001,186.070007
26/06/2023,61.220001,184.889999
27/06/2023,61.09,186.220001
28/06/2023,60.52,183.699997
29/06/2023,60.02,183.880005
30/06/2023,60.220001,185.220001
03/07/2023,60.580002,185.600006
05/07/2023,61.029999,186.580002
06/07/2023,60.560001,186.600006
07/07/2023,59.759998,183.080002
10/07/2023,59.310001,184.300003
11/07/2023,59.52,183.979996
12/07/2023,59.84,183.169998
13/07/2023,60.349998,187.529999
14/07/2023,60.900002,188.210007
17/07/2023,60.810001,185.630005
18/07/2023,60.57,184.449997
19/07/2023,61.639999,186.259995
20/07/2023,62.389999,189.300003
21/07/2023,62.439999,190.160004
24/07/2023,62.459999,190.919998
25/07/2023,62.25,191.360001
26/07/2023,63.049999,191.600006
27/07/2023,62.439999,188.529999
28/07/2023,62.48,190.309998
31/07/2023,61.93,187.460007
01/08/2023,61.77,186.820007
02/08/2023,61.959999,188.309998
03/08/2023,61.639999,187.119995
04/08/2023,60.709999,184.600006
07/08/2023,61.189999,186.889999
08/08/2023,60.919998,184.440002
09/08/2023,61.060001,183.979996
10/08/2023,60.919998,183.75
11/08/2023,61.169998,184.039993
14/08/2023,60.880001,183.619995
15/08/2023,60.470001,181.350006
16/08/2023,60.48,181.210007
17/08/2023,60.610001,178.449997
18/08/2023,60.950001,178.179993
21/08/2023,60.43,177.050003
22/08/2023,60.060001,175.699997
23/08/2023,60.27,178.119995
24/08/2023,60.110001,177.179993
25/08/2023,60.389999,179.419998
28/08/2023,60.560001,180.25
29/08/2023,60.5,180.929993
30/08/2023,60.470001,181.080002
31/08/2023,59.830002,177.919998
01/09/2023,59.310001,175.320007
